metric,value
n_assets,488.0
n_observations,1231.0
condition_number,574130133.0119506
trace,0.14425492848754884
mean_variance,0.0002956043616548132
dropped_tickers,0.0
